{
  "project_info": {
    "project_number": "304271751408",
    "firebase_url": "https://lab5-f3075.firebaseio.com",
    "project_id": "lab5-f3075",
    "storage_bucket": "lab5-f3075.appspot.com"
  },
  "client": [
    {
      "client_info": {
        "mobilesdk_app_id": "1:304271751408:android:958985f5455f28a00aaa35",
        "android_client_info": {
          "package_name": "com.example.lab5"
        }
      },
      "oauth_client": [
        {
          "client_id": "304271751408-iaieom5kbi98ekfrr2ri2ssrj7rc1ag1.apps.googleusercontent.com",
          "client_type": 1,
          "android_info": {
            "package_name": "com.example.lab5",
            "certificate_hash": "680b3955580367edc3bec121a8f0bf4712cb51aa"
          }
        },
        {
          "client_id": "304271751408-ccqm6412sgpm1p8hv0enqpid3d8fiiud.apps.googleusercontent.com",
          "client_type": 3
        }
      ],
      "api_key": [
        {
          "current_key": "AIzaSyDc2AJSfmRYJfooeREQfW4W3Q0KZm5AsvM"
        }
      ],
      "services": {
        "appinvite_service": {
          "other_platform_oauth_client": [
            {
              "client_id": "304271751408-ccqm6412sgpm1p8hv0enqpid3d8fiiud.apps.googleusercontent.com",
              "client_type": 3
            }
          ]
        }
      }
    }
  ],
  "configuration_version": "1"
}